{
    "session_creation_latency": [
        190.19999992847443,
        431.6999999284744,
        537.6000000238419,
        627.5,
        820,
        960.5,
        1188.6000000238419,
        1210.5,
        1383.6000000238419,
        1487.7999999523163,
        1493.2000000476837,
        1748.8000000715256,
        1969.2000000476837,
        2035.5999999046326,
        2035.5999999046326
    ],
    "session_capacity": [
        1,
        2,
        3,
        4,
        5,
        6,
        7,
        8,
        9,
        10,
        11,
        12,
        13,
        14,
        15
    ],
    "connection_latency": [
        441.60000002384186,
        5577.399999976158,
        5793.599999904633,
        5850.5,
        6209.699999928474,
        6370.200000047684,
        6422.600000023842,
        6484.299999952316,
        6602.399999976158,
        6983.699999928474,
        6966.5,
        7360.199999928474,
        7464.299989128474,
        7648.199999928474
    ],
    "num_of_clients": [
        2,
        3,
        4,
        5,
        6,
        7,
        8,
        9,
        10,
        11,
        12,
        13,
        14,
        15
    ]
}